<?xml version="1.0" encoding="UTF-8"?>
<project-private xmlns="http://www.netbeans.org/ns/project-private/1">
    <editor-bookmarks xmlns="http://www.netbeans.org/ns/editor-bookmarks/2" lastBookmarkId="0"/>
    <open-files xmlns="http://www.netbeans.org/ns/projectui-open-files/2">
        <group>
            <file>file:/C:/Users/erik/Desktop/respaldoUTTEC/Alphasystem%20proyecto/web/Clientes.jsp</file>
            <file>file:/C:/Users/erik/Desktop/respaldoUTTEC/Alphasystem%20proyecto/web/RegistrarUsuario.jsp</file>
            <file>file:/C:/Users/erik/Desktop/respaldoUTTEC/Alphasystem%20proyecto/web/errorLogin.jsp</file>
            <file>file:/C:/Users/erik/Desktop/respaldoUTTEC/Alphasystem%20proyecto/web/index.jsp</file>
            <file>file:/C:/Users/erik/Desktop/respaldoUTTEC/Alphasystem%20proyecto/web/RegistarClientes.jsp</file>
            <file>file:/C:/Users/erik/Desktop/respaldoUTTEC/Alphasystem%20proyecto/web/usuarios.jsp</file>
            <file>file:/C:/Users/erik/Desktop/respaldoUTTEC/Alphasystem%20proyecto/src/java/Conexion.java</file>
        </group>
    </open-files>
</project-private>
